,name,context_precision,faithfulness,answer_relevancy,context_recall,context_relevancy,answer_correctness,answer_similarity
0,Chroma,0.9201,0.9062,0.8138,0.875,0.0313,0.7052,0.8956
1,Parent Document,0.9167,1.0,0.9169,0.9018,0.0226,0.76,0.882
2,Ensemble BM25,0.8807,1.0,0.9203,0.875,0.066,0.6833,0.866
3,MultiQuery,0.9165,0.9437,0.9445,0.75,0.0368,0.6984,0.8863
4,Context Compressionr,0.9999999999666667,0.9333333333333332,0.9295671348881798,0.8333333333333334,0.03064631275157591,0.6561276535106559,0.8911213361106659
5,Cross Encoder Reranker,0.9999999999666667,1.0,0.9380408792375304,0.8333333333333334,0.03064631275157591,0.7029884336669255,0.8881442108581786
